title,title_url,time
博主举报展销会商家用猪肉冒充牛肉卖 被多人打断肋骨,https://www.163.com/dy/article/KHGN7VKE0514D3UH.html,-476分钟前
女子为拍＂氛围感＂ 擅自闯入深圳在建地铁隧道拍照,https://www.163.com/dy/article/KHGHQ09205561G0D.html,-470分钟前
与多名女子在泳池大尺度照片披露 克林顿最新回应,https://www.163.com/news/article/KHHC9E5I0001899O.html,-367分钟前
半个月内，李书福两次成为省委书记“座上宾”,https://www.163.com/dy/article/KHHGL6O10519A3EN.html,-463分钟前
男子400万承包高校餐厅因换领导停业 200多万餐费没给,https://www.163.com/dy/article/KHGIE76A05561G0D.html,-468分钟前
庞叔令展示南京博物院向庞家开具的捐赠清单 本人发声,https://www.163.com/dy/article/KHG5TT1O0550A0OW.html,-468分钟前
特朗普:任何不同意我观点的人永远不会成为美联储主席,https://www.163.com/dy/article/KHHCBH0R0512B07B.html,-422分钟前
美方炒作的所谓＂中国代理人＂案件 核心证物竟是盐水鸭,https://www.163.com/news/article/KHHBN0C30001899O.html,-357分钟前
48小时，两家公司，一场＂AI第一股＂的玩命冲刺,https://www.163.com/dy/article/KHHI26DF051481US.html,
成都27岁女子家门口被杀 凶手因被认定患精神病获死缓,https://www.163.com/dy/article/KHHF7NS50514R9P4.html,-419分钟前
英伟达放风：春节前向中国客户交付H200芯片,https://www.163.com/dy/article/KHHBF3M50514R9OJ.html,-380分钟前
美国“飞手”怒了：我爱国货 但无人机就得是中国,https://www.163.com/news/article/KHHBC1C90001899O.html,-351分钟前
首都被指将迁到西伯利亚 克宫回应,https://www.163.com/dy/article/KHGA5HJQ05504DOQ.html,-31分钟前
杨瀚森连续5场DNP！开拓者遭活塞双杀,https://www.163.com/dy/article/KHFFU32V0529RKNN.html,11小时前
法国仓库被指遭盗窃损失超3亿元 京东深夜回应,https://www.163.com/dy/article/KHGK2ONU051492LM.html,55分钟前
美国全面禁售外国无人机 消费者正疯狂囤货大疆无人机,https://www.163.com/dy/article/KHG6UC120514R9OJ.html,2小时前
媒体称系宁波人朱光送拍8800万的《江南春》 身份披露,https://www.163.com/dy/article/KHFOMATO05561G0D.html,2小时前
美财长剥离大豆资产 曾每年为其带来百万美元租金收入,https://www.163.com/dy/article/KHFVO547051492T3.html,2小时前
朱孝天回应阿信感谢，自曝没再收到邀约,https://www.163.com/dy/article/KHFJVTTK05179RJN.html,10小时前
政权倒台一年后 阿萨德家族被指在俄过着奢华流亡生活,https://www.163.com/dy/article/KHFQBUO70514R9P4.html,2小时前
为亡弟追凶27年 48岁李海玉曾说凶手判死刑就留回长发,https://www.163.com/dy/article/KHG83BE00514R9P4.html,2小时前
特朗普称出于国家安全＂必须拿下格陵兰岛＂ 又扯上中俄,https://www.163.com/news/article/KHGDHT6L0001899O.html,2小时前
媒体：欧洲因乌克兰问题陷入分裂 俄罗斯和美国笑了,https://www.163.com/news/article/KHGDFS180001899O.html,2小时前
醇粹的豪华 林肯飞行家化身＂移动咖啡车＂,https://www.163.com/v/video/VKGHTK518.html,
男子杀害发小妻儿三人获死刑 父亲：埋地下便不能作恶,https://www.163.com/dy/article/KHGCDTAE053469M5.html,2小时前
27天婴儿治疗黄疸死亡 家长：护士未发现娃脸朝下挣扎,https://www.163.com/news/article/KHGB61RK0001899O.html,3小时前
俄乌冲突关键人物在莫斯科被炸死 乌方尚未公开认领,https://www.163.com/dy/article/KHFFUKV10514R9P4.html,3小时前
多人因车门无法打开而丧生 特斯拉设计师：将重新设计,https://www.163.com/dy/article/KHG0GM76051492T3.html,4小时前
大消息！这个片区的房价要涨了,https://www.163.com/dy/article/JMER37DU0515CAQ3.html,11个月前
口罩放车内面板上10多分钟突发＂自燃＂ 新能源车主懵了,https://www.163.com/dy/article/KHG6CRCM05345ARG.html,4小时前
男生被对象妈妈嫌矮做断骨增高术 十年后下楼双腿无力,https://www.163.com/dy/article/KHG6UNDI0514R9P4.html,4小时前
泰国外长：上次停火谈判过于仓促 就为了给特朗普面子,https://www.163.com/news/article/KHG70EJC0001899O.html,4小时前
上海＂富二代＂1年花光1300万 结果钱全是骗来的,https://www.163.com/dy/article/KHG56H8N0514R9OJ.html,4小时前
20岁西班牙王位继承人驾机＂单飞＂ 将任该国三军总司令,https://www.163.com/dy/article/KHFTUGGN05345ARG.html,5小时前
云南省农科院征集新品种月季名 网友二舅的名字被采纳,https://www.163.com/dy/article/KHFHQCAG053469M5.html,5小时前
美国＂全面封锁＂受制裁油轮 一艘油轮狂发75次求救信号,https://www.163.com/dy/article/KHD3T2KH051492T3.html,6小时前
男子醉驾撞死女教师获刑两年半 事发地附近有两所学校,https://www.163.com/dy/article/KHFMLDUF05345ARG.html,7小时前
赴一场洛阳牡丹之约,https://www.163.com/dy/article/JS53BAS505346RC6.html,8个月前
海南＂零关税＂豪车引热议 保时捷卡宴鲜有符合要求车型,https://www.163.com/dy/article/KHFPOS7E0512B07B.html,8小时前
又一中将在俄境内被炸死 俄方或实施对等定点清除行动,https://www.163.com/dy/article/KHFD363T0512DU6N.html,9小时前
马克龙要建欧洲有史以来最大航母 ＂掠食者＂表述不寻常,https://www.163.com/dy/article/KHFM7IFD0512D3VJ.html,9小时前
法拉利撞上护栏后迅速起火 知名游戏大佬被困车内身亡,https://www.163.com/dy/article/KHFKRGBE0512B07B.html,9小时前
冬至大如年，人间小团圆！一定要做4件养生小事,https://www.163.com/jiankang/article/KH9NQCEH00389A9R.html,2天前
特朗普宣布将亲自设计战列舰:我是一个非常有审美的人,https://www.163.com/news/article/KHFK47BV0001899O.html,10小时前
杭州一公园白鹤＂大战＂无人机 现场市民看得心惊肉跳,https://www.163.com/dy/article/KHF5H5JQ051492LM.html,10小时前
指控闻泰科技的安世荷兰高管 大幅提高了自己的薪水,https://www.163.com/news/article/KHFI0AIP0001899O.html,10小时前
陌生人上门讨说法 18岁女孩独自在家起冲突被认定互殴,https://www.163.com/dy/article/KHFC58BO05561G0D.html,10小时前
杭师大受助名单照搬网络人名 大额项目明细表被删除,https://www.163.com/dy/article/KHFG25U30514BE2Q.html,10小时前
欧盟行业代表：中方出手反制欧盟 法国这一次受伤最重,https://www.163.com/news/article/KHFHO21M0001899O.html,10小时前
江苏省委省政府成立调查组 对南京博物院开展全面调查,https://www.163.com/news/article/KHFDJ4V70001899O.html,12小时前
妻儿被发小入室劫杀 男子:他说结娃娃亲 20多年白玩了,https://www.163.com/dy/article/KHDTTUNR0534P59R.html,10小时前
牛弹琴：中将陨落在莫斯科 传递了一个相当危险的信号,https://www.163.com/news/article/KHER2DN20001899O.html,17小时前
媒体：特朗普提出中美＂G2＂概念 日本不安拼命找存在感,https://www.163.com/news/article/KHFI8PR80001899O.html,10小时前
女子卷入前夫780余万巨债 诉讼9年均被判＂夫妻共债＂,https://www.163.com/dy/article/KHF9SDVQ051492T3.html,10小时前
＂上海第一黄鱼面馆＂塌房 当着执法队员面使用过期香干,https://www.163.com/dy/article/KHFBMQLJ0534P59R.html,11小时前
河南＂妻儿三人被发小杀害案＂宣判：被告人获死刑,https://www.163.com/news/article/KHFEVH300001899O.html,11小时前
男子车祸后被解雇 公司给6万和解隐瞒巨额意外险保单,https://www.163.com/dy/article/KHF062A805345ARG.html,12小时前
上海独身女子离世被传＂遗产归公买不了墓地＂ 官方回应,https://www.163.com/dy/article/KHEMI0GF051492T3.html,12小时前
女子痔疮术后9天离世 生前腿部剧痛医生称是正常现象,https://www.163.com/dy/article/KHDN8EHV05561G0D.html,12小时前
媒体:韩国发生大规模作弊丑闻 争强好胜之心往邪处用,https://www.163.com/dy/article/KHF0KH5O0550A0OW.html,12小时前
美发布＂爱泼斯坦狱中自杀＂视频 被指系伪造后火速删除,https://www.163.com/dy/article/KHF8HPQO0514R9OJ.html,13小时前
法国将建造欧洲最大航母:采用核动力 造价超100亿欧元,https://www.163.com/dy/article/KHEPCQ660514R9OJ.html,13小时前
美国公布新舰建造计划 首艘舰艇预计在2028年完工,https://www.163.com/dy/article/KHEOQ7G905198CJN.html,13小时前
爆雷高达200亿 浙商大佬涉嫌犯罪被采取刑事强制措施,https://www.163.com/dy/article/KHE1DC4U0512B07B.html,13小时前
汽车刹车失灵狂奔490公里 4S店赔偿4.5万要求车主保密,https://www.163.com/dy/article/KHDRLH1P0550A7UY.html,13小时前
快手现大量色情违规内容 安全专家分析,https://www.163.com/dy/article/KHF44RRV05129QAF.html,13小时前
欧盟乳制品存在补贴 中方决定收取临时反补贴税保证金,https://www.163.com/dy/article/KHEPDNVS0514R9OJ.html,14小时前
美将所有非美制造的无人机列入＂受管制清单＂ 大疆回应,https://www.163.com/dy/article/KHF2FM7C0514R9OJ.html,15小时前
泽连斯基:＂20点计划＂初稿已敲定 谈判接近真正结果,https://www.163.com/dy/article/KHETCO9005198CJN.html,15小时前
高市将搬入传出＂闹鬼＂的公邸 有6位首相入住1年就下台,https://www.163.com/news/article/KHEVKBE50001899O.html,16小时前
媒体核查＂中国工厂排放有毒烟雾＂:实为热力烟囱起火,https://www.163.com/dy/article/KHEQAGI70514R9P4.html,16小时前
环球:日官员叫嚣＂日本应当拥有核武＂ 动摇其国家基石,https://www.163.com/dy/article/KHEO6C9R0514R9OJ.html,17小时前
贝克汉姆大儿子与父母决裂拉黑全家 小贝小儿子发文,https://www.163.com/dy/article/KHEQ2JSD05345ARG.html,17小时前
妻儿被发小杀害 男子暴瘦26斤睡前要看妻儿生前视频,https://www.163.com/dy/article/KHDSU98J053469LG.html,17小时前
高市早苗政府创下一项27年来最差纪录,https://www.163.com/dy/article/KHDQLPI605504DOQ.html,23小时前
德铁下单200辆中国巴士 德财长：这决定让我十分恼火,https://www.163.com/news/article/KHDJE9EM0001899O.html,1天前
轿车刹车失灵高速狂奔490公里 司机已退车退款并获赔,https://www.163.com/dy/article/KHDND0EG053469LG.html,1天前
小区自来水变蓝8个月有20多人检出身体异常 官方回应,https://www.163.com/dy/article/KHDTD6IJ0514D3UH.html,1天前
23岁硕士生徒步川西网红野线时猝死 事发地系封闭区域,https://www.163.com/dy/article/KHDBKM5L053469M5.html,1天前
中国女子在欧洲邮轮上神秘失踪 登船当天是她32岁生日,https://www.163.com/dy/article/KHDREITK051492T3.html,1天前
韩媒：韩国四大集团掌门人拟明年1月随团访华,https://www.163.com/dy/article/KHDM5MCR0514R9OJ.html,1天前
拖欠近43万税款＂催收大王＂或被银行催收 亏本甩卖总部,https://www.163.com/dy/article/KHCSIA3G0514BE2Q.html,1天前
总统府景区退出 南京市民260元购年卡＂缩水＂近10个月,https://www.163.com/dy/article/KHDK694S05561G0D.html,1天前
美明尼苏达州90亿美元联邦拨款被诈骗盗取 特朗普发声,https://www.163.com/dy/article/KHDE2I4H051492T3.html,1天前
克里姆林宫：俄中将遇害 普京立即收到了汇报,https://www.163.com/dy/article/KHDNV6UH0514BQ68.html,1天前
媒体：赖清德被提案弹劾之际 美掏出巨额账单为其站台,https://www.163.com/dy/article/KHD934KL05199DKK.html,1天前
特朗普任命格陵兰岛特使 特使称要将格陵兰岛并入美国,https://www.163.com/dy/article/KHDIF4QA05198CJN.html,1天前
外卖员劝架扑倒持锤行凶者反被其索赔12万元 法院判了,https://www.163.com/dy/article/KHDJAFT60514R9OJ.html,1天前
美国＂精心挑选＂五国签署＂硅和平＂倡议 印度、越南缺席,https://www.163.com/news/article/KHDJ71H40001899O.html,1天前
烤鸡少年承认用＂肉宝王＂调味 厂家人员：是合法调味料,https://www.163.com/dy/article/KHDJ4V2G053469LG.html,1天前
东部战区司令员杨志斌等2人晋升上将,https://www.163.com/news/article/KHDCBSQR000189PS.html,1天前
中国内地新增70位亿万富豪 蜜雪冰城张氏兄弟等新上榜,https://www.163.com/dy/article/KHDAFHD9051492T3.html,1天前
婚礼当天坠亡28岁女教师安葬 ＂遗言＂背后多个传言不实,https://www.163.com/dy/article/KHD5CMIC053469LG.html,1天前
海底捞小便案详情披露:俩17岁男生玩游戏 家长赔220万,https://www.163.com/dy/article/KHD4O5IE0534P59R.html,1天前
特朗普大规模换大使：涉及30多国 均在拜登时期上任,https://www.163.com/dy/article/KHD4K9UT0530WJIN.html,1天前
山西废止烟花爆竹禁令背后：5年前最严＂禁炮令＂出台,https://www.163.com/dy/article/KHD4A2TM0514R9P4.html,1天前
日本自民党高官窜访台湾 外交部：＂媚日谋独＂令人不齿,https://www.163.com/dy/article/KHD4HB930514R9P4.html,1天前
福原爱首次回应再婚怀孕 现任丈夫正是出轨风波男主,https://www.163.com/dy/article/KHD3D08D0550A0OW.html,1天前
台北攻击事件嫌犯携满箱汽油弹欲纵火 被男子舍命拦下,https://www.163.com/dy/article/KHD0TJRM051492T3.html,1天前
中央考核巡查组连续发问 现场人员支支吾吾,https://www.163.com/dy/article/KHD1HI440512D3VJ.html,1天前
71岁奶奶获健美比赛冠军：把健身当上班 被儿媳夸偶像,https://www.163.com/dy/article/KHD1MI770514R9OJ.html,1天前
港媒：高市所谓“对话”表态纯属玩文字游戏,https://www.163.com/dy/article/KHD243TQ0514BQ68.html,1天前
万斯：照顾美国老年人比援助乌克兰重要,https://www.163.com/dy/article/KHD243SJ0514BQ68.html,1天前
外媒：马克龙在最后一刻加入反对阵营 ＂背叛＂了默茨,https://www.163.com/news/article/KHCVGVF500019B3E.html,1天前
牛弹琴：泰柬冲突后 泰国在中国形象出现戏剧性转折,https://www.163.com/news/article/KHCC4FDA00019B3E.html,1天前
医生和幼女发生关系3次被控强奸 女方系初一学生,https://www.163.com/dy/article/KHAC2QHU0514BE2Q.html,1天前
16岁＂烤鸡少年＂承认用＂肉宝王＂ 曾因日销百只烤鸡爆红,https://www.163.com/news/article/KHD0VESI00019B3E.html,1天前
上海女子＂喊冤＂汽车压上石头爆胎无人赔偿 网友吵翻了,https://www.163.com/dy/article/KHCNQL470514R9OJ.html,1天前
山西老人智力受损 上海警察因撞脸改口音假扮儿子12年,https://www.163.com/dy/article/KHCPTVFF0514D3UH.html,1天前
男子给女友买的金镯子被放在门口丢了 顺丰只赔200元,https://www.163.com/dy/article/KHCNG3TM0534P59R.html,1天前
媒体：高市早苗胆子挺肥要住有名凶宅 安倍晋三都不敢,https://www.163.com/dy/article/KHCP07PL0512DU6N.html,1天前
23岁硕士徒步因高反去世 刚出现症状时没有听劝下撤,https://www.163.com/dy/article/KHCP2KST051492T3.html,1天前
柬埔寨首相洪玛奈：对中方表示衷心感谢,https://www.163.com/news/article/KHCN0NR600019B3E.html,1天前
上海女子爽快出手花10万元买金手镯 店员突然不卖了,https://www.163.com/dy/article/KHCH49PF0514R9OJ.html,1天前
牛弹琴：对付墨西哥的小动作 中国已准备了三大招,https://www.163.com/news/article/KHC9TJGV00019B3E.html,1天前
媒体：日本军机又发生照射事件 胡扯是中国人干的,https://www.163.com/dy/article/KHCDPDVN0550A0OW.html,1天前
业主称小区加装电梯要砸掉自家露台面积 施工队回应,https://www.163.com/dy/article/KHB9MUL7051492T3.html,1天前
直播间＂大牌尾货＂是回收箱旧衣服 不清洗不消杀,https://www.163.com/dy/article/KHB47HMK0519814N.html,1天前
三甲医生：从小洛熙尸检报告看 不能判定医生诊断全错,https://www.163.com/dy/article/KHBI334E0512B07B.html,1天前
中国女子在欧洲邮轮上失联一周 在船上仅买过一杯橙汁,https://www.163.com/dy/article/KHC86SOJ05345ARG.html,1天前
高市政府试探红线引发轩然大波 中俄朝三国发出警告,https://www.163.com/dy/article/KHC884CI0514R9OJ.html,1天前
鲁比奥急转弯猛夸中国 介文汲：他深谙官场之道法,https://www.163.com/dy/article/KHAU6MQL0514EGPO.html,1天前
美国务卿：美国必须与中国维持关系、开展交往,https://www.163.com/dy/article/KHC686PU0514R9OJ.html,1天前
必胜客牛排口感奇怪遭质疑＂到底用的什么肉＂ 官方介入,https://www.163.com/dy/article/KHB75NO40512B07B.html,2天前
46岁独居女子离世遗产归公买墓地遇难题 最新进展公布,https://www.163.com/news/article/KHB5JQDS0001899O.html,2天前
骑车下班路被堵 ＂较真哥＂9天举报92次违停,https://www.163.com/dy/article/KH5ES1SK0514D3UH.html,2天前
美国外交系统现重大调整 约有24名驻外大使被要求离任,https://www.163.com/news/article/KHANLSVF0001899O.html,2天前
特朗普谈FBI搜查海湖庄园：我能允许政府赔我10亿美元,https://www.163.com/news/article/KHB8MENU0001899O.html,2天前
遇到多辆车用远光灯 男子开车时射碎5辆车玻璃被刑拘,https://www.163.com/news/article/KH8JR3FF00019SNS.html,3天前
副部级尹建业任上落马 长期在云南任职,https://www.163.com/dy/article/KHAM6ACL0534A4SC.html,2天前
小区电梯故障致祖孙三人被困近4小时 物业被罚10万元,https://www.163.com/dy/article/KH9SCQ5J0514R9P4.html,2天前
广州上千人补缴社保被骗涉案金额过亿元 央视披露详情,https://www.163.com/news/article/KH9M3DEK00019K82.html,2天前
普京再谈乌克兰总统选举 泽连斯基回应,https://www.163.com/dy/article/KHAS2M580512B07B.html,2天前
男子的车凌晨狂奔到外地 ＂好心人＂称给800元愿帮送回,https://www.163.com/news/article/KHANM90C00019SNS.html,2天前
爱泼斯坦案文件披露：给200美元就能招募1名高中女生,https://www.163.com/dy/article/KHAOF3UM051492T3.html,2天前
外来商户涌入掀起赶海＂价格战＂游客乱挖 政府出台禁令,https://www.163.com/dy/article/KHAIF1VH0530U7LS.html,2天前
以色列准备再次打击伊朗 拟邀请美国参战,https://www.163.com/dy/article/KHADGTGS053469LG.html,2天前
台退将谈所谓＂美日台联手作战＂:美国没意愿日本没能力,https://www.163.com/dy/article/KHA7F887055080L4.html,2天前
美媒大肆炒作后 美企CEO无语：是我们求中企救命啊,https://www.163.com/news/article/KHADKD1F00019B3E.html,2天前
被欠钱球迷去世5天后 前国脚戴琳还清欠款多给了5000,https://www.163.com/news/article/KHA2BCTC00019K82.html,2天前
牛弹琴：印度耍流氓太不地道 难怪巴基斯坦要发飙,https://www.163.com/news/article/KH9N97NI00019B3E.html,2天前
加总理再次释放信号 谈拓展合作对象时点名中国,https://www.163.com/news/article/KHADTGQK00019B3E.html,2天前
男子花18.8万买下2个＂车位＂ 新物业却只让他停一辆车,https://www.163.com/news/article/KHA7PBB10001899O.html,2天前
母亲被父亲刺28刀死亡 11岁儿子因给父亲开门深深自责,https://www.163.com/news/article/KH8PCNFH00019K82.html,3天前
＂多管局局长＂拍市政问题火了 网友：只有深圳包容他,https://www.163.com/dy/article/KH7LTKRH0514BE2Q.html,2天前
女子结婚14年被丈夫打了13年 丈夫：我才是受害者,https://www.163.com/dy/article/KH7F55HA0514BE2Q.html,2天前
爱泼斯坦案文件公布 有照片呈现女性的小腿和脚部,https://www.163.com/dy/article/KHA99GR60550A0OW.html,2天前
大叔卖糖葫芦4元一串 有人买2串掏了200元,https://www.163.com/news/article/KHA6OMMJ00019B3E.html,2天前
山西宣布废除烟花爆竹＂禁放令＂ 网友：年味回来了,https://www.163.com/dy/article/KH8U98M20512B07B.html,2天前
北京一副局长送外卖：没想到骑手张口就是＂别罚我款＂,https://www.163.com/dy/article/KH9QS8H30519DDQ2.html,2天前
媒体：欧洲还是不敢动俄罗斯 哪怕普京正在恋爱中,https://www.163.com/dy/article/KH9S73DK0512DU6N.html,2天前
爱泼斯坦案最新文件公布 有记录显示来电人为特朗普,https://www.163.com/dy/article/KH9QORM50512B07B.html,2天前
日本平台征集＂批评中国＂视频每条180元 日本网民炸锅,https://www.163.com/dy/article/KH9QP994053469LG.html,2天前
＂兔子警官＂入围最美浙警 曾因执勤视频在网络上走红,https://www.163.com/dy/article/KH9SLOE00514R9OJ.html,2天前
海南封关首日：30克金饰省近万元 居民排长队买榴莲,https://www.163.com/dy/article/KH9OB86C053469LG.html,2天前
泽连斯基被疑＂诅咒特朗普＂：政客嘛 早晚会死,https://www.163.com/news/article/KH9L1ODF00019B3E.html,2天前
高市早苗要和中国打时间差 或赶在特朗普访华前访美,https://www.163.com/news/article/KH9TILNI00019B3E.html,2天前
副院长传出不雅视频后赴外地坐诊引争议 当地医院删文,https://www.163.com/dy/article/KH8GADMT051492T3.html,2天前
台北袭击案行凶者被造谣是＂大陆籍＂ 蒋万安驳斥,https://www.163.com/dy/article/KH8SJRK00514EGPO.html,2天前
媒体：南博获捐的137件书画中 《江南春》算不上顶级,https://www.163.com/dy/article/KH64R9TT051492T3.html,2天前
特朗普在北卡罗来纳州：多亏我 不然家具业被中国毁了,https://www.163.com/news/article/KH8G8EAT0001899O.html,3天前
马斯克＂星链＂：一颗卫星突发罕见事故 正在太空翻滚 ,https://www.163.com/dy/article/KH8LTSGS0512B07B.html,3天前
美方最新表态：不会强迫乌克兰接受协议,https://www.163.com/news/article/KH8M5FOU0001899O.html,3天前
73岁普京承认正在恋爱中 其12年前离婚与前妻相伴30年,https://www.163.com/dy/article/KH84PP160550A0OW.html,3天前
波兰总统当面向泽连斯基＂发难＂ 称乌克兰人不知感激,https://www.163.com/dy/article/KH8JC1A60514BQ68.html,3天前
普京喊话北约秘书长：为何执意要跟我们打仗,https://www.163.com/dy/article/KH8JC1A70514BQ68.html,3天前
网友称＂烧伤超人阿宝＂补缴税款84万余元 当事人发声,https://www.163.com/dy/article/KH8ISJTL0514D3UH.html,3天前
气温3度老人被困岩缝里 200斤重的村书记脱光外衣救人,https://www.163.com/dy/article/KH8AJH0E0534P59R.html,3天前
媒体：中企在太平洋岛国修个跑道 又把美国＂吓坏了＂,https://www.163.com/news/article/KH8GJEJT0001899O.html,3天前
成都通报＂南极磷虾油＂事件:已成立联合调查组开展调查,https://www.163.com/news/article/KH8DSA890001899O.html,3天前
深圳16岁＂烤鸡少年＂爆火半年瘦20斤 回应日营业额过万,https://www.163.com/dy/article/KH8D9CAU051492T3.html,3天前
印度大坝突然放水 巴基斯坦怒斥：水不是武器,https://www.163.com/dy/article/KH882F7E0514EGPO.html,3天前
阿桑奇状告诺贝尔基金会：严重挪用资金 助长侵略战争,https://www.163.com/dy/article/KH87TF90051492T3.html,3天前
欧盟动用俄资产方案未通过 美媒：冯德莱恩的重大挫败,https://www.163.com/dy/article/KH7AGS6105504DOQ.html,3天前
男子停车救人没想到救的是自己老婆：那条路平日不走,https://www.163.com/dy/article/KH85BGM70514R9OJ.html,3天前
27岁海归女儿被邻居杀害凶手被判死缓 母亲将申请抗诉,https://www.163.com/dy/article/KH80B8AB05561G0D.html,3天前
91岁老人欲把亡妻房子过户给50岁女友：这是我的权利,https://www.163.com/dy/article/KH7S3AKN0514R9OJ.html,3天前
宁波5月大女婴手术后去世 家属公布部分尸检报告结果,https://www.163.com/dy/article/KH7U7SQK051492T3.html,3天前
多张克林顿不见特朗普 美公开爱泼斯坦案文件引发质疑,https://www.163.com/dy/article/KH7S09GH055040N3.html,3天前
鲁比奥：我觉得我对中国一直挺友好的,https://www.163.com/news/article/KH7QBV5B00019B3E.html,3天前
专家：中国军舰不能驶入红海保护商船 原因主要有两个,https://www.163.com/news/article/KH7OCP0U00019B3E.html,3天前
＂私人影院＂提供女孩陪侍套餐 项目名称十分露骨,https://www.163.com/dy/article/KH7K5CN70514R9OJ.html,3天前
牛弹琴：欧洲最后还是怂了 最打脸的就是冯德莱恩,https://www.163.com/news/article/KH76DNB200019B3E.html,3天前
中国超大电力系统有＂解＂了 国产求解器比美国算法快14%,https://www.163.com/news/article/KH7R42I800019B3E.html,3天前
美＂专家＂降智言论：中国打仗不用无人机 因为男性过剩,https://www.163.com/news/article/KH7PU3MB00019B3E.html,3天前
男子花100万买红木家具 10年后发现断面是腻子跟胶水,https://www.163.com/news/article/KH7E4IS40001899O.html,3天前
82岁南博流出画卷签字院长：非经我手鉴定 以调查为准,https://www.163.com/dy/article/KH68ON0D055690HN.html,3天前
弹劾赖清德网络连署破600万 郭正亮：台北反赖就超6成,https://www.163.com/dy/article/KH7O1OLO055080L4.html,3天前
克林顿与爱泼斯坦案受害者共浴照片披露：坐在浴缸里,https://www.163.com/dy/article/KH7IB11905345ARG.html,3天前
金店墙体惊现盗洞 男子将170万元黄金藏祖坟墓碑后,https://www.163.com/dy/article/KH7G7D7T053469LG.html,3天前
普京罕见回应私人生活 大方承认正在恋爱中,https://www.163.com/dy/article/KH6AGKDL0514EGPO.html,3天前
媒体：日本恶意滋扰辽宁舰编队 还挑拨中国与越南关系,https://www.163.com/dy/article/KH79H3E00550A0OW.html,3天前
岛内掀＂弹劾赖清德＂浪潮 傅崐萁：台湾不容许有袁世凯,https://www.163.com/dy/article/KH79OMG705504DOQ.html,3天前
上海男子说＂我养你＂女友转走40万 测谎实验后法院判了,https://www.163.com/dy/article/KH7ANDD7051492LM.html,3天前
美国宣布史上最大对台军售 台湾防务部门大肆吹捧,https://www.163.com/news/article/KH7A8SFA00019B3E.html,3天前
退伍特种兵荒野求生30天后退赛 曾犯下一个致命错误,https://www.163.com/dy/article/KH5F10C70512BN99.html,3天前
日本官员言论被指令人＂震惊＂ 高市早苗被要求追责,https://www.163.com/dy/article/KH6704M305504DOQ.html,3天前
60岁老人因意外＂头颈分离＂ 经医生抢救已能坐起行走,https://www.163.com/dy/article/KH77F40A053469LG.html,3天前
村民组决议不给＂外嫁女＂分配补偿款 拟从家属头上扣除,https://www.163.com/dy/article/KH6BMUBK051492T3.html,3天前
普京＂年度盘点＂4.5小时回答80个问题 还提到中国,https://www.163.com/dy/article/KH71CQJR0514R9OJ.html,3天前
环球：柬泰激烈冲突 中国斡旋方式具有几个鲜明特点,https://www.163.com/dy/article/KH6AGRCA05504DOQ.html,3天前
《纽约时报》记者：在中国农村 我看到震撼一幕,https://www.163.com/news/article/KH725CUJ00019B3E.html,3天前
国民党和民众党民代宣布提案弹劾赖清德：必须下台,https://www.163.com/dy/article/KH5OL2KG0514R9OJ.html,3天前
普京：俄方愿在乌克兰选举期间暂时停止打击,https://www.163.com/dy/article/KH6322RF053469LG.html,4天前
河南学校火灾致13死案校长获刑6年半 创办人被判7年,https://www.163.com/news/article/KH62AQIT000189PS.html,4天前
TikTok被指已签署合资协议以便在美运营 外交部回应,https://www.163.com/news/article/KH622OSS0001899O.html,4天前
26岁郑州小伙伦敦闹市开店卖胡辣汤：一碗售价130元,https://www.163.com/dy/article/KH60K61P053469LG.html,4天前
普京：西方“通过乌克兰的手”同俄作战,https://www.163.com/dy/article/KH5VGLF50512D3VJ.html,4天前
美国2026国防授权法案出炉:对欧对乌立场与特朗普背离,https://www.163.com/dy/article/KH5U6S44051492T3.html,4天前
＂中国保险经纪第一人＂沈开涛疑失联 公司多人已被带走,https://www.163.com/dy/article/KH5TKHCH051492T3.html,4天前
男子赴泰国失联20多天后给好友留言：在缅北 别发语音,https://www.163.com/dy/article/KH5T1V200514D3UH.html,4天前
国民党和民众党民意代表宣布启动弹劾赖清德,https://www.163.com/dy/article/KH5SDU8N0530WJIN.html,4天前
美方＂国防授权法案＂塞入涉台错误内容 国台办回应,https://www.163.com/news/article/KH5R4C2K000189PS.html,4天前
香港警方回应10亿日元劫案:1名内地男子落网 多人在逃,https://www.163.com/dy/article/KH5PFSU205129QAF.html,4天前
冬天高中生席地而坐趴凳子上考试 涉事学校老师回应,https://www.163.com/dy/article/KH5N1S9H051492T3.html,4天前
原配＂殴打第三者＂取保候审8年后再被刑拘 多方发声,https://www.163.com/dy/article/KH5MFN5S0534P59R.html,4天前
“南京导航集体失灵”原因披露 北斗军用频率不受影响,https://www.163.com/news/article/KH5LEG5O0001899O.html,4天前
尹锡悦65岁生日当天出庭 对被称＂内乱首领＂提出异议,https://www.163.com/dy/article/KH5JCLFE051492T3.html,4天前
普京：俄罗斯目前没有看到乌克兰讨论领土问题的意愿,https://www.163.com/dy/article/KH5J62L10534A4SC.html,4天前
中学生务工时在公司宿舍被打致死 施暴者无刑责能力,https://www.163.com/dy/article/KH5I4KTL051492T3.html,4天前
日媒披露：日本请求派代表团访华 未获中方回复,https://www.163.com/news/article/KH5I2Q110001899O.html,4天前
日本官员声称“日本应当拥有核武器” 外交部回应,https://www.163.com/dy/article/KH5HE76Q05504DOQ.html,4天前
美国参议员指责中国所谓＂施压日本＂ 外交部驳斥,https://www.163.com/dy/article/KH5G82050514R9OJ.html,4天前
美批准对台逾111亿美元军售 国防部回应,https://www.163.com/news/article/KH5FB2M30001899O.html,4天前
天津一医院女护士被偷拍并上传网络 警方通报,https://www.163.com/dy/article/KH5DQ4AT0514R9OJ.html,4天前
被问是否批准涉TikTok相关协议内容 外交部回应,https://www.163.com/dy/article/KH5DQ3QQ0514R9OJ.html,4天前
＂情歌王子＂张信哲个人藏品在沪免费展出 含近80件旗袍,https://www.163.com/dy/article/KH5D1JP1055040N3.html,4天前
＂插座一哥＂被同行质疑误导消费者索赔420万 公牛回应,https://www.163.com/dy/article/KH5CKRU00514BE2Q.html,4天前
地铁支付异常300元变300万元 官方:原路退回异常票款,https://www.163.com/dy/article/KH5CEEST05345ARG.html,4天前
中戏院长郝戎被查 刘烨、章子怡、靳东等为其学生,https://www.163.com/dy/article/KH509EBH05561G0D.html,4天前
牛弹琴：战机又被照射后日本急了 有人第一个想到中国,https://www.163.com/news/article/KH4JI4HS0001899O.html,4天前
媒体：路透社＂爆料＂中国建造出极紫外光刻机原型机,https://www.163.com/dy/article/KH3Q00GN0514R9OJ.html,4天前
27岁患胃萎缩暴瘦至35斤女孩＂巧巧＂离世 遗体已火化,https://www.163.com/dy/article/KH5B4N1R0512DU6N.html,4天前
16岁女生遭多名同学殴打脱衣拍视频发网上 7人均未被拘,https://www.163.com/dy/article/KH563BIH053469LG.html,4天前
女生遭老师孤立后＂冲击＂办公室抑郁欲轻生 遗书披露,https://www.163.com/dy/article/KH4J0R8O0514R9P4.html,4天前
六旬老人训练滑翔伞坠亡官方称系意外 教练已年近七旬,https://www.163.com/dy/article/KH58IOUI0534P59R.html,4天前
日本战机恶意滋扰辽宁舰编队、冲闯演训区 细节公布,https://www.163.com/dy/article/KH53J5L0053469LG.html,4天前
团播女生私下卖力维护＂大哥＂:经常擦边 有女生会被约走,https://www.163.com/dy/article/KH52LQ3V05561G0D.html,4天前
海南正式封关 曾有山东客户＂扫货＂拿下上百套商办房,https://www.163.com/news/article/KH54RJE40001899O.html,4天前
9岁女孩术后成植物人医院被判赔201万元 母亲最新发声,https://www.163.com/dy/article/KH5387LR05561G0D.html,4天前
媒体：美方官宣史上对台单笔最大军售 野心藏不住了,https://www.163.com/dy/article/KH5245730512D1R0.html,4天前
特朗普被女记者追问时情绪陡然失控 向女记者怒吼,https://www.163.com/dy/article/KH4NLELC0514BE2Q.html,4天前
千万粉丝网红称4斤黄金凤冠被男童触碰掉落 美术馆回应,https://www.163.com/dy/article/KH51NN8K05345ARG.html,4天前
美再披露爱泼斯坦案68张照片：女性腿上写满争议文字,https://www.163.com/dy/article/KH51OR4B053469M5.html,4天前
小区捕流浪猫最黏人幼猫被打死 大量网友投诉警方介入,https://www.163.com/dy/article/KH50UCCU0514D3UH.html,4天前
媒体：生孩子不花钱了 养孩子的钱哪里来,https://www.163.com/dy/article/KH04UFTR05506O99.html,4天前
女儿手指被门框划伤 父亲获赔后转手捐出,https://www.163.com/news/article/KH4STTJK0001899O.html,4天前
日首相官邸官员表示：日本应该拥有核武器,https://www.163.com/news/article/KH4T52CH0001899O.html,4天前
＂2500吨粮食没法及时运出去＂ 一根限高杆卡住四个村,https://www.163.com/dy/article/KH4NL47K0514D3J0.html,4天前
媒体：泰军缴获柬军中国制造反坦克导弹 有人阴阳怪气,https://www.163.com/dy/article/KH4NDB2U0550A0OW.html,4天前
顶楼住户拆除楼板升高数米加盖 一楼出现从上到下裂缝,https://www.163.com/dy/article/KH4KUDMG05561G0D.html,4天前
中方出面调停柬泰冲突 王毅表态,https://www.163.com/dy/article/KH4FETON0514R9OJ.html,4天前
美媒刊文：不要虚张声势了 放弃＂战胜中国＂的想法吧,https://www.163.com/dy/article/KH3OF9FT05504DOQ.html,4天前
非法集资911亿元 “金融大鳄”盘继彪终审被判无期,https://www.163.com/dy/article/KH3PVMV20512B07B.html,4天前
泽连斯基：若不能及时获得资金 将大幅削减无人机生产,https://www.163.com/dy/article/KH3JAJ0U0512B07B.html,4天前
网友600多买天津飞北京机票 中转成都30多个小时游玩,https://www.163.com/dy/article/KH4GLOH7053469LG.html,4天前
美国或＂最快本周＂再次对俄罗斯动手 已和27国讨论计划,https://www.163.com/news/article/KH4G0CPU0001899O.html,4天前
美媒：美国下水一艘新军舰中国已造好三艘 差距惊人,https://www.163.com/news/article/KH4H4GAJ0001899O.html,4天前
女婿宣布退出华纳收购 特朗普突然改口,https://www.163.com/dy/article/KH3R4MVS0514R9P4.html,4天前
特朗普命令2028年登月 在月球部署核反应堆,https://www.163.com/dy/article/KH4B75K405198CJN.html,4天前
在野党参议员问了句日本＂存亡危机＂ 高市早苗瞬间冷脸,https://www.163.com/news/article/KH3DU81D0001899O.html,5天前
确认涉刑案 上海市中心西装男子突然当街下跪:对不起,https://www.163.com/dy/article/KH392BKJ0514R9OJ.html,5天前
游客大理租车车身被恶意划伤 赔偿后发现是租车行干的,https://www.163.com/dy/article/KH3787VF0514D3UH.html,5天前
智力残疾女孩遭4人侵犯怀孕父亲讨说法遇害 后续来了,https://www.163.com/dy/article/KH335F7C05561G0D.html,5天前
女子借款13万却要还近1300万 名下近千万房产被迫抵押,https://www.163.com/dy/article/KH2SU05U0514D3UH.html,5天前
台军派F-16＂偷拍＂福建舰 通过甲板细节判断福建舰动向,https://www.163.com/dy/article/KH2G56F705345ARG.html,5天前
普京:俄罗斯将在战场解放本国故土 欧洲＂猪猡＂将下台,https://www.163.com/dy/article/KH3FN3D20514BQ68.html,5天前
“法国政变”视频在脸书疯传 马克龙想删却删不掉,https://www.163.com/news/article/KH3E8TAI0001899O.html,5天前
名下迈巴赫38万元被拍卖 张小泉集团累计被执行超31亿,https://www.163.com/dy/article/KH3AAN2L0519DDQ2.html,5天前
李在明：这汉字还是得学啊 不然我就是李“罪名”,https://www.163.com/news/article/KH2TT9QG0001899O.html,5天前
日本要部署雷达和部队搞窥视邻居的勾当 外交部回应,https://www.163.com/news/article/KH322LIA0001899O.html,5天前
柬军阵地疑现中国制造的反坦克导弹 国防部回应,https://www.163.com/news/article/KH36A36F000189PS.html,5天前
FBI二把手上任9个月辞职 特朗普：他想回去做节目了,https://www.163.com/dy/article/KH370GP1051492T3.html,5天前
带货博主称账号遭盗用 盗用者向商家要试用品不给骂人,https://www.163.com/dy/article/KH31EC1K053469LG.html,5天前
上海一高层居民楼有186个充电舱 居民称睡＂炸药包＂上,https://www.163.com/news/article/KH2P89G20001899O.html,5天前
小米新车主还未开出园区便撞倒人：被撞者已不幸离世,https://www.163.com/news/article/KH2UD3U80001899O.html,5天前
普京:“欧洲小猪”想从俄罗斯解体中捞好处,https://www.163.com/news/article/KH2TK59C0001899O.html,5天前
＂宣战＂猜测甚嚣尘上 特朗普全国讲话只字未提委内瑞拉,https://www.163.com/dy/article/KH2V0HGM0530JPVV.html,5天前
前SNH48女成员称公司＂安排成员陪酒＂ 丝芭传媒回应,https://www.163.com/dy/article/KH2RMOK1051492T3.html,5天前
男女婚内相亲确定关系 男方向女方丈夫发两人聊天记录,https://www.163.com/dy/article/KH2NNC8T05561G0D.html,5天前
美方宣布110亿对台军售 外交部回应,https://www.163.com/dy/article/KH2PT3LR0534A4SC.html,5天前
捐给博物馆的藏品现身拍卖市场 律师建议警方介入调查,https://www.163.com/dy/article/KH2NO973053469LG.html,5天前
日本拟部署雷达监视中方航母、飞机 外交部回应,https://www.163.com/news/article/KH2PV8KT0001899O.html,5天前
欧委会密集对多家中国企业发起调查 商务部回应,https://www.163.com/news/article/KH2P4SI30001899O.html,5天前
上海阿姨每天躺在100万现金上睡觉 家中藏成箱的现金,https://www.163.com/news/article/KH2GBV410001899O.html,5天前
中管干部卸任8年被查 曾与受贿1.55亿＂种树市长＂共事,https://www.163.com/dy/article/KH2DB0830534A4SC.html,5天前
美媒：李嘉诚出售港口激怒中国 中方要求中企获控股权,https://www.163.com/news/article/KH2CJHOA00019B3E.html,5天前
男子参加荒野求生获六万奖金 曾卖蜂蜜一年只挣一万,https://www.163.com/dy/article/KH1VFP290514R9P4.html,5天前
丝芭传媒再发文：将举报鞠婧祎涉嫌严重经济犯罪行为,https://www.163.com/dy/article/KH2BPTQL053469LG.html,5天前
牛弹琴：泰柬激烈冲突泰军占上风 中国又出手了,https://www.163.com/news/article/KH218KAU00019B3E.html,5天前
26岁妻子承认猥亵丈夫12岁侄子 事后侄子经常做噩梦,https://www.163.com/dy/article/KH2K7R3M051492T3.html,5天前
外籍男子航班上辱骂两名中国女乘客 女博士用英语反击,https://www.163.com/dy/article/KH2K158S053469LG.html,5天前
郑丽文13分钟炮轰赖清德：国民党必须自救 决战2028,https://www.163.com/dy/article/KH2GJ7K405345ARG.html,5天前
浙大博士花40万买车库爆火 员工没工资天天加班到凌晨,https://www.163.com/dy/article/KH0FQ9230514R9OJ.html,5天前
男子汽车一加速就＂吹口哨＂ 售后总监：智商受到侮辱了,https://www.163.com/news/article/KH2GS68N0001899O.html,5天前
杭州老板淘宝账户突然多出订单 一查地址找到员工宿舍,https://www.163.com/dy/article/KH2E8OVD051492LM.html,5天前
一家四代12人在火灾中丧生 ＂下店上宅＂埋下安全隐患,https://www.163.com/dy/article/KH2D6AOB0514BE2Q.html,5天前
媒体：针对赖清德举动 国民党的面前只有两条路,https://www.163.com/dy/article/KH09M0VR05199DKK.html,5天前
深圳16岁＂烤鸡少年＂火出圈 每天迎千名顾客＂日入过万＂,https://www.163.com/dy/article/KH0U5I230534P59R.html,5天前
欧盟内部严重分歧 高级官员谈会议气氛：我都想哭了,https://www.163.com/news/article/KH2CKMQH00019B3E.html,5天前
海南启动全岛封关运作 美媒：意义远超国际普通自贸港,https://www.163.com/dy/article/KH1RVTSU0514R9OJ.html,5天前
媒体：台F-16战机拍摄福建舰 不代表其火力能达到舰身,https://www.163.com/dy/article/KH24MAKD0550A0OW.html,5天前
百万年薪女总监被老板强奸 丈夫分房睡遭网暴＂绿帽男＂,https://www.163.com/dy/article/KH22JRU0051492T3.html,5天前
福建舰入列后首过台海 台方谈为何＂甲板上没有舰载机＂,https://www.163.com/dy/article/KH1UID1S0514R9OJ.html,5天前
外卖小哥：若25km/h速度送完一单就扣6分 饭碗都没了,https://www.163.com/dy/article/KH1UP0960514BE2Q.html,5天前
马克龙发文：欧盟必须对中国开放 但有个前提,https://www.163.com/news/article/KH1TNP9L00019B3E.html,5天前
3名村民进入长期停用探矿硐后窒息身亡 其中2人为父子,https://www.163.com/dy/article/KH16LV450514R9P4.html,5天前
为高市早苗站台接连造谣 日本副外相＂删号跑路＂,https://www.163.com/dy/article/KH1516JC05504DOQ.html,5天前
高市早苗涉台错误言论遭质询 国会直播被3次消声处理,https://www.163.com/dy/article/KH22MVGH053469LG.html,5天前
俄乌开创新作战模式 乌无人潜航器全球首次突袭俄潜艇,https://www.163.com/dy/article/KH1TV5D80514R9OJ.html,5天前
男子当儿子面捅30刀杀害前妻 遗体表情极度狰狞扭曲,https://www.163.com/dy/article/KH13BRQS05345ARG.html,5天前
万斯公开与特朗普唱反调 承认美国人生活成本高涨,https://www.163.com/news/article/KH1GGFAT0001899O.html,5天前
坠亡女教师有已婚哥哥和未婚弟弟 父母被指不愿退彩礼,https://www.163.com/news/article/KH1867SO0001899O.html,6天前
网红教授发文怀念已故好友看哭全网 对方因公殉职,https://www.163.com/dy/article/KH0Q89O0053469LG.html,6天前
中日在安理会上三度交锋 日本代表手抖哆嗦闭眼发言,https://www.163.com/news/article/KH0FGIL40001899O.html,6天前
泰军在柬军阵地缴获中国制造的反坦克导弹 外交部回应,https://www.163.com/news/article/KH07FP620001899O.html,6天前
馆藏明代仇英《江南春》现身拍卖市场 南京博物院回应,https://www.163.com/dy/article/KH0R0NTC0534A4SC.html,6天前
开发商卖房宣传楼下＂百亩公园＂ 业主收房仅有一条草地,https://www.163.com/dy/article/KH0PMA6B05561G0D.html,6天前
美方威胁欧盟：点名了 别逼我动手,https://www.163.com/news/article/KH0NUN5S0001899O.html,6天前
普京:＂榛树＂导弹将于今年年底前进入战斗值班状态,https://www.163.com/news/article/KH0MO2060001899O.html,6天前
中方被指对日本提出批评并要多国支持立场 外交部回应,https://www.163.com/news/article/KH0IBELV0001899O.html,6天前
女教师坠亡前一天发取消婚礼通知 父母不同意让照常办,https://www.163.com/news/article/KH0736O50001899O.html,6天前
特朗普下令封锁委油轮或有三大终极目标 委方强烈谴责,https://www.163.com/dy/article/KH0J2VKM051492T3.html,6天前
女教师疑被逼婚结婚当天坠亡 新郎被指学历工作造假,https://www.163.com/dy/article/KGVVUB1F05561G0D.html,6天前
中方被指召见东南亚国家大使并批评日本 外交部回应,https://www.163.com/dy/article/KH0830G60514R9P4.html,6天前
高位截瘫患者因脑机接口＂再就业＂：钱不多 供儿读大学,https://www.163.com/dy/article/KH0G89RF055040N3.html,6天前
日本时事评论员：高市早苗缺乏某些“首相特质”,https://www.163.com/dy/article/KH0G87TL055040N3.html,6天前
泽连斯基想在圣诞节期间停火 克宫:不会给＂喘息空间＂,https://www.163.com/dy/article/KH0EDR13055040N3.html,6天前
公牛宣传＂10户家庭中7户用公牛＂ 同行质疑被索赔420万,https://www.163.com/dy/article/KH06IMIB05561G0D.html,6天前
76岁大爷要手机遭拒赌气躲深山 靠一瓶白酒＂荒野求生＂,https://www.163.com/dy/article/KH07IILK0534P59R.html,6天前
崔丽丽身着遭侵害时衬衣 回应被评定为工伤十级伤残,https://www.163.com/dy/article/KH060OR905345ARG.html,6天前
小伙被拐21年 卖车房、改北京户口回亲父母身边遭质疑,https://www.163.com/dy/article/KGUKO3JH0514D3UH.html,6天前
罚站照片被老师发到家长群 八年级男孩从十八楼跳下,https://www.163.com/dy/article/KGVKROEQ051492T3.html,6天前
美媒公布＂最佳攻台时间＂和＂最佳登陆地点＂ 国台办回应,https://www.163.com/dy/article/KGVO73LL0550B6IS.html,6天前
牛弹琴：特朗普下狠手BBC面临生死存亡 英国人急坏了,https://www.163.com/news/article/KGVGIQAE0001899O.html,6天前
